,rno-miR-200b-3p,rno-miR-221-3p,rno-miR-200a-3p,rno-let-7c-5p,rno-miR-429,rno-miR-365-3p,rno-miR-27a-3p,rno-miR-205,rno-miR-23a-3p,rno-miR-24-3p,rno-miR-148a-3p,rno-let-7b-5p
Ywhaq,0,0,0,0,0,0,1,0,0,0,0,0
Senp7,0,0,0,0,0,0,0,0,1,0,0,0
Abhd17c,0,0,0,0,0,0,1,0,0,0,0,0
Cabp7,0,0,0,0,0,0,0,0,0,1,1,0
Ikzf5,0,0,1,0,0,0,0,0,0,0,0,0
Nbr1,1,0,0,0,1,0,0,0,0,0,0,0
Ppp1r9b,1,0,0,0,1,0,0,0,0,0,1,0
Il6r,0,0,0,0,0,0,0,0,1,0,0,0
Cnrip1,0,0,0,0,0,0,1,0,0,0,0,0
Gria4,0,0,0,0,0,0,1,0,0,0,0,0
Leng8,0,0,1,0,0,0,0,0,0,0,0,0
Gadd45a,0,0,0,0,0,0,0,0,0,0,1,0
Stk4,0,0,0,0,0,0,0,0,1,0,0,0
Trak1,0,0,0,0,0,0,0,0,0,0,1,0
Virma,0,0,0,1,0,0,0,0,0,0,0,1
Raet1l,0,0,0,0,0,0,0,0,0,1,0,0
Prkaa1,0,1,0,0,0,0,0,0,0,0,0,0
Apbb3,0,0,0,1,0,0,0,0,0,0,0,1
Taf12,0,0,1,0,0,0,0,0,0,0,0,0
Tmem177,0,0,0,0,0,0,1,0,0,0,0,0
Serinc5,0,0,0,0,0,0,0,0,1,0,0,0
Pttg1ip,0,1,0,0,0,0,0,0,0,0,0,0
Sdf2,0,0,0,0,0,0,0,0,0,1,0,0
Inpp1,0,0,0,0,0,0,0,0,1,0,0,0
Amt,0,0,0,1,0,0,0,0,0,0,0,1
Adgrl2,0,0,0,0,0,0,0,0,1,0,0,0
Appbp2,0,0,0,0,0,0,1,0,0,0,0,0
Satb2,0,0,0,0,0,0,1,1,0,0,0,0
Oxtr,0,0,0,0,0,0,0,0,0,1,0,0
Rbpms2,0,0,0,0,0,0,1,0,1,0,0,0
Map7d1,0,0,1,0,0,0,0,0,0,0,0,0
Acly,0,0,0,0,0,0,1,0,0,0,0,0
Adamts9,0,0,0,0,0,0,0,1,0,0,0,0
Marcks,1,0,0,0,1,0,0,0,0,0,0,0
N4bp1,0,0,0,0,0,0,0,0,1,0,0,0
Hic2,0,0,0,1,0,0,0,0,0,0,0,1
Gata2,0,0,0,0,0,0,1,0,0,0,0,0
Igsf8,0,0,0,0,0,0,0,0,1,0,0,0
MGC114246,0,0,0,0,0,0,0,0,1,0,0,0
Tor1b,0,0,0,0,0,0,1,0,0,0,0,0
Mrc1,0,0,0,0,0,0,0,0,1,0,0,0
Nup210,0,0,0,0,0,0,0,0,0,1,0,0
Ppp1r1c,0,0,0,0,0,0,1,0,0,0,0,0
Ppt2,0,0,1,0,0,0,0,0,0,0,0,0
Ambra1,0,0,0,0,0,0,0,0,1,0,0,0
Grb7,0,0,0,0,0,1,0,0,0,0,0,0
Rpgrip1l,0,0,0,0,0,0,1,0,0,0,0,0
Rnd3,0,0,0,0,0,0,0,1,0,0,0,0
Csf1,0,0,0,0,0,0,1,1,0,0,1,0
Usp42,0,0,0,0,0,0,1,0,0,0,0,0
Nme4,0,0,0,1,0,0,0,0,0,0,0,1
Foxa2,0,0,1,0,0,0,0,0,0,0,0,0
Sptssa,1,0,0,0,1,0,0,0,0,0,0,0
Acsbg1,1,0,0,0,1,0,0,0,0,0,0,0
Rnps1,0,1,0,0,0,0,0,0,0,0,0,0
Cers3,0,0,0,0,0,0,0,0,0,1,0,0
Paip1,0,1,0,0,0,0,0,0,0,0,0,0
Ngf,0,0,0,1,0,0,0,0,0,0,0,1
Ralb,0,0,0,0,0,0,0,0,1,0,0,0
Mprip,1,0,0,0,1,0,0,0,0,0,0,0
Gem,1,0,0,0,1,0,0,0,0,0,0,0
Tfap2b,0,0,0,0,0,0,1,0,0,0,0,0
Dolpp1,0,0,1,0,0,0,0,0,0,0,0,0
Plcl2,0,0,0,0,0,0,1,0,0,0,0,0
Mier3,0,1,0,0,0,0,1,0,0,0,0,0
Pax6,0,0,0,0,0,1,0,0,0,0,0,0
Myef2,0,0,0,0,0,0,1,0,0,0,0,0
Adamts12,0,0,0,1,0,0,0,0,0,0,0,1
Ube3b,0,0,0,0,0,0,0,0,0,0,1,0
Tfap2a,1,0,0,0,1,0,0,0,0,0,0,0
Npepps,0,0,0,0,0,0,1,0,0,0,0,0
Reln,1,0,0,0,1,0,0,1,0,0,0,0
Terb2,0,0,0,0,0,0,0,0,1,0,0,0
Uhrf1bp1l,0,0,0,0,0,0,0,0,1,0,0,0
Desi2,1,0,0,0,1,0,0,0,0,0,0,0
Astn1,0,0,1,0,0,0,0,0,0,0,0,0
Hook1,1,0,0,0,1,0,0,0,0,0,0,0
Nova1,0,0,0,0,0,0,1,0,0,0,0,0
Nfxl1,0,0,0,0,0,0,0,0,0,1,0,0
Usp32,0,0,0,0,0,0,0,0,0,0,1,0
Ublcp1,0,0,0,0,0,1,0,0,0,0,0,0
Slc35a2,1,0,0,0,1,0,0,0,0,0,0,0
Pitpnm1,1,0,0,0,1,0,0,0,0,0,0,0
Tsc22d2,1,0,0,0,1,0,0,0,0,0,0,0
Snrpc,0,0,0,0,0,0,0,0,1,0,0,0
Fut4,0,0,0,0,0,0,0,0,0,1,0,0
Ndfip2,1,0,0,0,1,0,0,0,1,0,0,0
Rps6kb1,1,0,0,0,1,0,0,0,0,0,0,0
Dcaf15,0,0,0,1,0,0,0,0,0,0,0,1
Dcun1d1,0,0,1,0,0,0,0,0,0,0,0,0
Ascc3,0,0,0,0,0,0,0,0,1,0,0,0
Homer1,0,0,0,0,0,0,0,0,0,0,1,0
Epn2,0,0,0,0,0,0,0,0,0,0,1,0
Pparg,0,0,0,0,0,0,1,0,0,0,0,0
Aak1,0,0,0,0,0,0,0,1,0,0,0,0
Casp7,0,0,0,0,0,0,0,0,1,0,0,0
Snap47,0,0,0,0,0,0,0,0,0,0,1,0
Twistnb,1,0,0,0,1,0,0,0,0,0,0,0
Smurf2,0,0,0,0,0,0,0,0,1,0,1,0
Lsm10,0,0,0,0,0,0,0,0,0,1,0,0
Slc36a4,0,0,0,0,0,0,1,0,0,0,1,0
RGD1561958,0,0,0,0,0,0,0,1,0,0,0,0
Socs5,0,0,0,0,0,1,0,0,0,0,0,0
Tmem170a,0,0,0,0,0,0,1,0,0,0,0,0
Adrb2,0,0,0,1,0,0,0,0,0,0,0,1
Vps13a,0,0,0,0,0,0,1,0,0,0,0,0
Ttyh3,0,0,0,0,0,0,0,0,0,1,0,0
Fign,0,0,0,1,0,0,0,0,0,0,0,1
Tent5a,0,0,0,0,0,0,0,0,1,0,0,0
Nfya,1,0,0,0,1,0,0,0,0,0,0,0
P4ha2,0,0,0,1,0,0,0,0,0,0,0,1
Kirrel3,0,0,0,0,0,1,0,0,0,0,0,0
Stag1,0,0,1,0,0,0,1,0,0,0,0,0
Ahrr,0,0,0,0,0,0,0,0,0,0,1,0
St14,0,0,0,0,0,0,1,0,0,0,0,0
Csnk1g3,1,0,0,0,1,0,0,0,1,0,0,0
Gosr2,1,0,0,0,1,0,1,0,0,0,0,0
Coro6,0,0,0,0,0,0,0,0,0,0,1,0
Serpini1,1,0,0,0,1,0,1,0,0,0,0,0
Ezr,0,0,0,0,0,0,0,1,0,0,0,0
Adam19,0,0,0,0,0,0,1,0,0,0,0,0
Stam,0,0,0,0,0,0,0,0,0,0,1,0
Rrh,0,0,0,0,0,0,0,0,1,0,0,0
Dhx15,0,0,0,0,0,0,0,0,1,0,0,0
Car2,0,0,0,0,0,0,0,0,1,0,0,0
Gxylt1,0,0,0,1,0,0,0,1,1,0,0,1
Rasd1,0,0,0,0,0,1,0,0,0,0,0,0
Ywhag,0,0,1,0,0,0,0,0,0,0,0,0
Ndrg1,0,1,0,0,0,0,0,0,0,0,0,0
Mylk,0,0,0,0,0,1,0,0,0,0,0,0
Mospd2,1,0,0,0,1,0,0,0,0,0,0,0
Hectd2,1,1,0,1,1,0,0,0,0,0,0,1
Tm9sf2,0,0,0,0,0,0,0,1,0,0,0,0
Gap43,0,0,0,0,0,0,0,0,0,0,1,0
Rnf138,0,0,0,0,0,0,0,0,0,1,0,0
Rnf168,1,0,0,0,1,0,0,0,0,0,0,0
Slc35a1,0,0,0,0,0,0,0,1,0,0,0,0
Zfp287,0,0,0,0,0,0,0,0,0,1,0,0
Tle3,0,1,0,0,0,0,0,0,0,0,0,0
Nacc2,0,0,0,0,0,0,0,0,1,0,0,0
Stxbp1,0,0,1,0,0,0,0,0,0,0,0,0
Zc3h6,0,0,1,0,0,0,0,0,0,0,0,0
Ypel2,0,0,0,0,0,0,1,0,0,0,0,0
Pde8b,0,0,0,0,0,0,1,0,0,0,0,0
Eci2,0,0,0,0,0,0,0,0,0,1,0,0
Klhl29,0,0,0,0,0,0,0,1,0,0,0,0
Mau2,0,0,0,0,0,0,0,0,0,1,0,0
Rgs1,0,0,0,0,0,1,1,0,0,0,0,0
Myadm,0,0,1,0,0,0,0,0,0,0,0,0
Radx,0,0,1,0,0,0,0,0,1,0,0,0
Appl2,0,0,0,0,0,0,0,0,0,1,0,0
H2afz,0,0,1,0,0,0,0,0,0,0,0,0
Pla2r1,0,0,0,0,0,0,0,0,1,0,0,0
Arf4,0,1,0,0,0,0,0,0,0,0,0,0
Angel2,0,0,0,0,0,0,0,0,1,0,0,0
Nr2f6,0,0,0,0,0,0,1,0,0,0,0,0
Tox,0,0,0,0,0,0,0,0,1,0,0,0
RGD1560108,1,0,0,0,1,0,0,0,0,0,0,0
Pik3ca,1,0,0,0,1,0,1,0,0,0,0,0
Cnih4,0,0,0,0,0,0,0,0,0,0,1,0
Mycn,0,0,0,1,0,0,0,0,0,0,0,1
Isca2,0,0,0,0,0,0,0,0,1,0,0,0
Cdh11,0,0,0,0,0,0,1,0,0,0,0,0
Sumf1,0,0,0,0,0,0,0,0,1,0,0,0
Pik3cb,1,0,1,0,1,0,0,0,0,0,0,0
Sgcb,0,0,0,0,0,0,0,0,0,0,1,0
Slain2,0,0,1,0,0,0,0,0,0,0,0,0
Fat3,1,0,0,0,1,0,0,0,0,0,0,0
Scyl3,0,0,0,1,0,0,0,0,0,0,0,1
Myt1l,0,0,1,0,0,0,0,0,0,0,0,0
Apol9a,0,0,0,0,0,0,0,0,0,1,0,0
Igf2bp2,0,0,0,1,0,0,0,0,0,0,0,1
Zfp644,0,0,1,0,0,1,0,0,0,0,0,0
Tubb5,1,0,0,0,1,0,0,0,0,0,0,0
Stk38,0,0,0,0,0,0,1,0,0,0,0,0
Coil,0,0,0,1,0,0,0,0,0,0,0,1
Dnajc6,0,0,0,0,0,0,0,0,1,0,0,0
Cldn11,0,0,0,0,0,0,0,1,0,0,0,0
Stradb,0,0,0,0,0,0,1,0,0,0,0,0
Slc7a1,0,0,0,0,0,0,0,0,1,0,0,0
Zmat4,0,0,0,1,0,0,0,0,0,0,0,1
Prpf40a,0,0,0,0,0,1,0,0,0,0,0,0
Ppp2r5e,0,0,0,0,0,0,0,0,1,0,0,0
Mmgt2,1,0,0,0,1,0,0,0,0,0,0,0
Pdik1l,1,0,0,0,1,0,0,0,0,0,0,0
Zfp512b,0,0,0,1,0,0,0,0,0,0,0,1
Gpr75,1,0,0,0,1,0,0,0,0,0,0,0
Chek1,0,0,0,0,0,0,0,0,1,0,0,0
Ppp6r1,0,0,0,0,0,0,0,0,0,0,1,0
Gltp,0,0,0,0,0,0,1,0,0,0,0,0
Hipk1,1,1,1,0,1,0,0,0,0,0,0,0
Alkal2,0,0,0,0,0,0,1,0,0,0,0,0
B4galt3,0,0,0,0,0,0,1,0,0,0,0,0
Ptp4a2,0,0,0,0,0,0,0,0,1,0,0,0
Peg3,0,0,1,0,0,0,0,0,0,0,0,0
Ankrd42,0,0,0,0,0,0,1,0,0,0,0,0
Larp6,0,0,1,0,0,0,0,0,0,0,0,0
Trmt9b,1,0,0,0,1,0,0,0,0,0,0,0
Tmem65,0,0,0,1,0,0,0,0,0,0,0,1
Ssr1,0,0,0,0,0,0,0,0,1,0,0,0
Cand1,0,0,0,0,0,0,0,0,0,0,1,0
Bhlhe22,0,0,0,0,0,0,0,0,0,1,0,0
Map3k9,0,0,0,0,0,0,0,0,0,0,1,0
Ltbp1,0,0,0,0,0,0,0,0,0,0,1,0
Grb2,0,0,1,0,0,0,1,0,0,0,0,0
Ythdf2,0,0,1,0,0,0,0,0,0,0,0,0
Slc35f1,0,0,0,0,0,0,1,0,0,0,0,0
Adrb3,0,0,0,1,0,0,0,0,0,0,0,1
Tgif1,0,0,0,0,0,0,0,0,1,0,0,0
Ugt8,1,0,0,0,1,0,0,0,0,0,0,0
Cipc,0,0,0,0,0,0,1,0,0,0,0,0
Dclk1,0,0,0,0,0,0,1,0,0,0,0,0
Prpf38b,0,0,0,1,0,0,0,0,0,0,0,1
Slc25a25,0,0,0,0,0,0,1,0,0,0,0,0
Nek6,0,0,0,0,0,0,1,0,1,0,0,0
Ddx52,0,0,0,0,0,0,0,1,0,0,0,0
Slc18a2,0,0,0,0,0,0,0,0,1,0,0,0
Tnfaip6,0,0,0,0,0,0,0,0,1,0,0,0
Stat5b,0,0,0,0,0,0,0,0,1,0,0,0
Cxcl12,0,0,0,0,0,0,0,0,1,0,0,0
Tmem135,0,0,1,0,0,0,0,0,0,0,0,0
Zmat3,0,0,0,0,0,0,1,0,0,0,0,0
Phf3,0,0,0,0,0,0,0,0,0,0,1,0
Pard6b,0,0,0,0,0,0,1,0,0,0,0,0
Rfc1,0,0,0,0,0,0,0,0,0,0,1,0
Megf9,0,1,0,0,0,0,0,0,0,0,0,0
Ctag2,0,0,1,0,0,0,0,0,0,0,0,0
Ucp3,0,0,0,0,0,0,0,0,0,0,1,0
Chrdl1,1,0,0,0,1,0,0,0,0,0,0,0
Rnf14,0,0,0,0,0,0,1,0,0,0,0,0
Uqcrfs1,0,0,0,0,0,0,0,0,1,0,0,0
Slit2,1,0,0,0,1,0,0,0,0,0,0,0
Dlx3,0,0,0,0,0,1,0,0,0,0,0,0
Tob1,1,0,0,0,1,0,0,0,0,0,0,0
Smim15,0,0,0,0,0,0,0,0,1,0,0,0
Bnip3l,0,0,0,0,0,0,0,0,1,0,0,0
Ralgapb,0,0,0,0,0,0,0,1,0,0,0,0
Mab21l2,0,0,0,0,0,0,0,0,1,0,0,0
Vstm4,0,0,0,0,0,0,0,0,0,1,0,0
Lypla1,0,0,1,0,0,0,0,0,1,0,0,0
Asah2,0,0,0,0,0,0,0,0,1,0,0,0
Tex29,0,0,0,0,0,0,0,0,0,1,0,0
Cep95,0,0,0,0,0,0,0,0,1,0,0,0
G6pd,0,0,0,0,0,0,0,0,0,1,0,0
Slc6a1,1,0,0,1,1,0,1,0,0,0,0,1
Ebpl,0,0,1,0,0,0,0,0,0,0,0,0
Ppp1r3b,0,0,0,0,0,0,0,0,1,0,0,0
Afap1l1,0,0,0,0,0,1,0,0,0,0,0,0
Bach2,0,0,0,0,0,0,0,0,0,0,1,0
Zfyve16,0,0,0,0,0,0,0,1,0,0,0,0
Apobec3,0,0,0,0,0,0,1,0,0,0,0,0
Zhx1,0,0,0,0,0,0,1,0,0,0,0,0
Cyb561d1,0,0,0,0,0,0,0,0,0,1,0,0
Ttc14,1,0,0,0,1,0,0,0,0,0,0,0
Tcerg1,0,0,1,0,0,0,0,0,0,0,0,0
Ubp1,0,0,0,0,0,1,1,0,0,0,0,0
Cltc,0,0,0,0,0,0,0,1,0,0,0,0
Tspyl4,0,0,0,0,0,0,1,0,0,0,0,0
Nabp1,0,0,0,0,0,0,1,0,0,0,0,0
Agap1,0,0,0,0,0,0,0,0,1,0,0,0
Insr,0,0,0,0,0,0,1,0,0,0,0,0
Dcun1d4,0,1,0,0,0,0,1,0,1,0,0,0
Mtmr10,0,0,0,0,0,0,0,0,0,0,1,0
Mettl15,0,0,0,0,0,0,0,0,0,0,1,0
Shroom2,0,0,1,0,0,0,0,0,0,0,0,0
Nr3c1,0,0,1,0,0,0,0,0,0,0,0,0
Tox4,0,0,0,0,0,0,0,1,0,0,0,0
Exoc3l4,0,0,0,0,0,0,0,0,1,0,0,0
Cbx2,0,0,0,1,0,0,0,0,0,0,0,1
Rsbn1l,0,1,0,0,0,0,0,0,0,1,0,0
Eif3j,0,1,0,0,0,0,0,0,0,0,0,0
Rap1a,0,0,0,0,0,0,0,0,1,1,0,0
Ammecr1l,0,0,0,1,0,0,0,0,0,0,0,1
Ppif,0,0,0,0,0,0,1,0,1,0,0,0
Ccne2,0,0,1,0,0,0,0,0,0,0,0,0
Polr3d,0,0,0,0,0,0,0,0,0,1,0,0
Cox15,0,0,0,0,0,0,0,0,0,1,0,0
Ttc7b,0,0,0,0,0,0,0,0,1,0,0,0
Dennd5a,1,0,0,0,1,0,0,0,0,0,0,0
Wasf1,1,0,0,0,1,0,0,0,0,0,0,0
Fam210a,1,0,0,0,1,0,0,0,0,0,0,0
Rdx,0,0,0,1,0,0,0,0,0,0,0,1
Thap12,0,0,0,0,0,0,0,0,1,0,0,0
Adgrg2,0,0,0,0,0,0,0,0,1,0,0,0
RGD1305464,0,0,0,1,0,0,0,0,0,0,0,1
Acer1,0,0,0,1,0,0,0,0,0,0,0,1
Vwa3a,0,0,0,0,0,0,0,0,1,0,0,0
Inpp4a,1,0,0,0,1,0,0,0,0,0,0,0
Cdc34,0,0,0,1,0,0,0,0,0,0,0,1
Lipt2,0,0,0,1,0,0,0,0,0,0,0,1
Rgma,0,0,0,0,0,0,0,0,0,0,1,0
Sgk1,0,0,0,0,0,1,0,0,0,0,0,0
Arpc5,0,0,1,0,0,0,0,0,0,0,0,0
Ubac2,0,0,0,0,0,1,0,0,0,0,0,0
Lrig2,0,0,0,1,0,0,0,0,0,0,0,1
Mknk2,0,0,0,0,0,0,1,0,0,0,0,0
Akirin1,0,0,0,0,0,0,1,0,0,0,0,0
Amotl2,0,0,0,0,0,0,0,0,0,1,0,0
Esrrg,0,0,0,0,0,0,0,1,0,0,1,0
Anks1a,0,0,0,0,0,1,0,0,0,0,0,0
Kif2b,0,0,0,1,0,0,0,0,0,0,0,1
Reep3,0,0,0,0,0,1,0,0,0,0,0,0
Pgrmc1,0,0,0,1,0,0,0,0,0,0,0,1
Elf5,0,0,0,0,0,0,0,0,1,0,0,0
Ddx19b,0,0,0,1,0,0,0,0,0,0,0,1
Pcsk9,0,0,0,0,0,0,0,1,0,0,0,0
Cnot6l,0,0,0,1,0,0,0,0,0,0,0,1
Sorcs3,0,0,0,0,0,1,0,0,0,0,0,0
Ccnj,0,0,0,0,0,0,1,1,0,0,0,0
Limk1,0,0,0,0,0,0,1,0,0,0,0,0
Ppp1r10,0,0,0,0,0,0,0,0,0,0,1,0
Dusp1,1,0,0,0,1,0,0,0,0,0,0,0
Sell,0,0,0,0,0,0,1,0,0,0,0,0
Fos,0,1,0,0,0,0,0,0,0,0,0,0
Enpp4,0,0,0,0,0,0,0,1,0,0,0,0
MGC95208,0,0,0,0,0,0,0,0,1,0,0,0
Clec1a,0,0,0,0,0,0,0,0,1,0,0,0
Usp34,0,0,0,0,0,0,1,0,0,0,0,0
Plk2,0,0,0,0,0,0,1,0,0,0,0,0
Stk39,0,0,0,0,0,0,1,0,0,0,0,0
Wnt9b,0,0,0,1,0,0,0,0,0,0,0,1
Pbx2,0,0,0,1,0,0,0,0,0,0,0,1
Chka,0,0,0,0,0,0,1,0,0,0,0,0
Mgarp,0,0,1,0,0,0,0,0,0,0,0,0
Dock7,0,0,0,0,0,0,0,0,1,0,0,0
Aen,0,0,0,1,0,0,0,0,0,0,0,1
Ddx19a,0,0,0,1,0,0,0,0,0,0,0,1
Tnrc6a,0,0,0,0,0,0,0,0,0,0,1,0
Fam193b,0,0,0,0,0,0,1,0,0,0,0,0
Cxcr3,0,0,0,0,0,0,0,0,0,1,0,0
Pdia5,0,0,0,0,0,0,1,0,0,0,0,0
Ptprj,0,0,0,0,0,0,0,1,0,0,0,0
Begain,0,0,0,1,0,0,0,0,0,0,0,1
Nap1l3,1,0,0,0,1,0,0,0,0,0,0,0
Apaf1,0,0,0,0,0,0,1,0,0,0,0,0
Bap1,1,0,0,0,1,0,0,0,0,0,0,0
Cdk13,0,0,1,0,0,0,0,0,0,0,0,0
Snap91,0,0,0,0,0,0,0,0,0,1,0,0
Tspan5,0,0,0,1,0,0,0,0,0,0,0,1
Cdk8,0,0,1,0,0,0,0,0,0,0,0,0
Cnr1,0,0,1,0,0,0,0,0,0,0,0,0
Usp48,0,0,0,0,0,1,0,0,0,0,0,0
Ppp4r4,0,0,0,0,0,0,0,0,1,0,0,0
Npc2,1,0,0,0,1,0,0,0,0,0,0,0
Nme6,0,0,0,1,0,0,0,0,0,0,0,1
Mboat2,1,0,0,0,1,0,0,0,0,0,0,0
Szrd1,0,0,0,0,0,0,1,0,0,0,0,0
Saxo2,0,0,0,1,0,0,0,0,0,0,0,1
Srd5a1,0,0,0,0,0,0,0,1,0,0,0,0
Mboat7,0,0,0,0,0,0,0,0,0,1,0,0
RGD1307100,0,0,0,0,0,0,1,0,0,0,0,0
Prickle2,0,0,0,0,0,0,0,0,0,0,1,0
Pdk1,0,0,1,0,0,0,0,0,0,0,0,0
Myct1,0,0,0,0,0,0,0,0,1,0,0,0
Utp23,0,0,0,0,0,0,1,0,0,0,0,0
Abcb9,0,0,0,1,0,0,1,0,0,1,0,1
Cpsf4,0,0,0,0,0,0,0,0,1,0,0,0
Rnf145,0,0,1,0,0,0,0,0,0,0,0,0
Map4k4,0,0,0,0,0,0,0,0,1,0,0,0
Zwint,0,0,0,0,0,0,0,0,1,0,0,0
Myt1,0,0,0,0,0,0,1,0,0,0,0,0
B3galt1,0,0,0,1,0,0,0,0,0,0,0,1
Frk,0,0,0,0,0,0,0,1,0,0,0,0
Rbm41,0,0,0,0,0,0,0,0,0,1,0,0
Zfp458,0,0,0,0,0,0,0,0,1,0,0,0
Nupl2,0,0,0,0,0,0,0,0,0,1,0,0
Itga11,0,0,0,0,0,0,0,0,0,0,1,0
Axin2,0,0,0,0,0,0,0,1,0,0,0,0
Map3k7,0,0,1,0,0,0,0,0,0,0,0,0
Ccdc134,0,0,0,1,0,0,0,0,0,0,0,1
Zfp532,1,0,0,0,1,0,0,0,0,0,0,0
Fhl1,1,0,0,0,1,0,0,0,0,0,0,0
Pla2g6,0,0,0,0,0,0,1,0,0,0,0,0
Foxp4,0,0,0,0,0,0,1,0,0,0,0,0
C1galt1,0,0,0,0,0,0,0,0,0,0,1,0
Ing5,0,0,0,0,0,0,1,0,0,0,0,0
Nup160,1,0,0,0,1,0,0,0,0,0,0,0
Cript,0,0,0,0,0,0,0,0,1,0,0,0
Ep400,0,0,0,0,0,0,0,0,1,0,0,0
Ctsql2,0,0,0,0,0,0,0,0,1,0,0,0
Ube2v1,0,0,0,0,0,0,1,0,0,0,0,0
Dusp7,0,0,1,0,0,0,0,1,0,0,0,0
Pank1,0,0,0,0,0,0,1,0,0,0,0,0
Errfi1,1,0,0,0,1,0,0,0,0,0,1,0
Tmem110,0,0,1,0,0,0,0,0,0,0,0,0
Runx1,0,0,0,0,0,0,1,0,0,0,0,0
Ing2,0,1,0,0,0,0,0,0,0,0,1,0
Sec16b,0,0,0,1,0,0,0,0,0,0,0,1
Ankrd17,0,0,0,0,0,1,1,0,0,0,0,0
Zfp292,1,0,0,0,1,0,0,0,1,0,0,0
Slitrk1,1,0,0,0,1,0,1,0,0,0,0,0
Ing3,0,0,0,0,0,1,0,0,0,0,0,0
Crbn,0,0,0,0,0,1,0,0,0,0,0,0
Fbxo33,1,0,0,0,1,0,0,0,0,0,0,0
Agmo,0,0,0,0,0,0,0,0,1,0,0,0
Chsy1,1,1,0,0,1,0,0,0,0,0,0,0
Poglut1,0,0,0,0,0,0,1,0,0,0,0,0
St6galnac5,1,0,0,0,1,0,0,0,0,0,0,0
Sec14l1,0,0,0,0,0,0,0,0,1,0,0,0
Tbp,0,0,0,0,0,0,0,0,0,0,1,0
Socs6,0,0,0,0,0,0,0,0,1,0,0,0
Has2,0,0,0,1,0,0,0,0,1,0,0,1
Pomk,0,0,0,0,0,0,0,0,0,1,0,0
Brsk1,0,0,0,0,0,0,1,0,0,0,0,0
Mgrn1,0,0,0,0,0,0,0,1,0,0,0,0
RSA-14-44,0,1,0,0,0,0,0,0,0,0,0,0
Wdr47,0,1,0,0,0,0,0,0,0,0,0,0
Ppfia1,0,0,1,0,0,0,0,0,0,0,0,0
Atp7a,0,0,0,0,0,0,0,0,0,0,1,0
Cacna1c,1,0,0,0,1,0,0,0,0,0,0,0
Rbm26,1,0,0,0,1,0,0,0,0,0,0,0
Olr1,0,0,0,1,0,0,0,0,0,0,0,1
Gcc2,0,0,0,0,0,0,1,0,0,0,0,0
Rnf139,0,0,0,0,0,0,1,0,0,0,0,0
Acss3,0,0,0,0,0,0,1,0,0,0,0,0
Klhl6,0,0,0,1,0,0,0,0,0,0,0,1
Inhbb,0,0,0,0,0,0,0,0,0,0,1,0
Trmt10c,0,0,0,0,0,0,1,0,0,0,0,0
Rer1,0,0,0,0,0,0,0,0,0,1,0,0
Gata6,0,0,1,0,0,0,0,0,0,0,0,0
Ddit4,0,1,0,0,0,0,0,0,0,0,0,0
Myh2,0,0,0,0,0,0,0,0,1,0,0,0
Nudcd1,0,0,1,0,0,0,0,0,0,0,0,0
Tgfbr1,0,0,0,1,0,0,0,0,0,0,0,1
Nrcam,0,0,1,0,0,0,0,0,0,0,0,0
Fbxl12,0,0,0,1,0,0,0,0,0,0,0,1
Esrp1,0,0,0,0,0,0,0,0,1,0,0,0
Dram2,0,0,0,0,0,0,1,0,0,0,0,0
Fosb,0,0,0,0,0,0,1,0,1,0,0,0
Slc2a12,0,0,0,1,0,0,0,0,0,0,0,1
Cyp26b1,0,0,1,0,0,0,0,0,0,0,0,0
Zfand6,1,0,0,0,1,0,0,0,0,0,0,0
Setd5,0,0,0,0,0,0,1,0,0,0,0,0
Epm2aip1,1,0,0,0,1,0,0,0,0,0,0,0
Ppp1r15b,0,0,1,0,0,0,0,1,0,0,0,0
Kcnk2,0,0,0,0,0,0,1,0,0,1,0,0
RGD1309748,1,0,0,0,1,0,0,0,0,0,0,0
Zcchc24,1,0,0,0,1,0,0,0,0,0,0,0
Mmgt1,1,0,0,0,1,0,0,0,0,0,0,0
Xpnpep2,0,0,0,0,0,0,1,0,0,0,0,0
Trhde,0,0,1,0,0,1,0,0,0,0,0,0
Vcan,0,0,0,0,0,0,0,0,1,0,0,0
Rasgrp1,0,0,0,1,0,0,0,0,0,0,0,1
Camta1,0,0,0,0,0,0,0,0,1,0,0,0
Bicc1,0,0,0,0,0,0,0,1,0,0,1,0
Dip2c,0,0,0,0,0,0,0,0,1,0,0,0
Marcksl1,0,0,0,0,0,0,0,0,1,0,0,0
Peli2,0,0,0,0,0,0,1,0,0,0,0,0
Ap1s2,1,0,0,0,1,0,0,0,0,0,0,0
Zc3h13,0,0,0,0,0,0,0,0,1,0,0,0
Lpar6,0,0,0,0,0,0,1,0,0,0,0,0
Klf6,0,0,1,0,0,0,0,0,0,0,0,0
Pbx1,0,0,0,1,0,0,0,0,0,0,0,1
Plpp6,0,0,0,1,0,0,0,0,0,0,0,1
Sema6d,1,1,0,0,1,0,1,0,1,0,0,0
Fnip1,0,0,0,1,0,0,0,0,0,0,0,1
Tmpo,0,0,0,0,0,1,0,0,1,0,0,0
Cdc7,0,0,1,0,0,0,0,0,0,0,0,0
Cpne8,0,0,0,0,0,0,1,0,0,0,0,0
Zeb1,1,0,1,0,1,0,0,1,1,0,0,0
Smad4,0,0,0,0,0,0,0,1,0,0,0,0
Rad17,0,0,0,0,0,0,0,1,1,0,0,0
Scd,1,0,0,1,1,0,0,0,0,0,0,1
Cab39,0,0,0,0,0,0,0,0,1,0,0,0
Rock2,1,0,0,0,1,0,0,0,0,0,0,0
Psma1,0,0,0,0,0,0,1,0,0,0,0,0
Dnase2b,0,0,0,0,0,0,0,0,0,1,0,0
Rasef,0,0,0,0,0,0,0,0,1,0,0,0
Slc7a11,0,0,0,0,0,0,1,0,0,0,0,0
Rph3al,0,0,0,0,0,0,0,0,0,0,1,0
Ak2,0,0,0,0,0,0,1,0,0,0,0,0
Rras2,0,0,0,0,0,0,0,0,1,0,0,0
Tram1l1,1,0,0,0,1,0,0,0,0,0,0,0
Nrbp1,1,0,0,0,1,0,0,0,0,0,0,0
Cep55,0,0,0,0,0,0,0,1,0,0,0,0
Etaa1,0,0,0,0,0,0,0,0,1,0,0,0
Ptpn21,1,0,0,0,1,0,0,0,0,0,0,0
Bclaf3,0,0,0,0,0,1,0,0,0,0,0,0
Cops8,1,0,0,0,1,0,0,0,0,0,0,0
Plcb1,0,0,0,0,0,0,0,1,0,0,0,0
Ube2n,0,0,0,0,0,0,1,0,0,0,0,0
Git2,1,0,0,0,1,0,0,0,0,0,0,0
Pom121,0,0,0,0,0,0,1,0,0,0,0,0
Exog,0,0,0,0,0,0,0,0,0,1,0,0
Adgrb3,0,0,1,0,0,0,0,0,0,0,0,0
Yipf1,0,0,0,0,0,0,0,0,0,0,1,0
Abhd17b,0,0,0,0,0,0,1,1,0,0,0,0
Rsad2,0,0,1,0,0,0,0,0,0,0,0,0
Mtmr7,0,0,0,1,0,0,0,0,0,0,0,1
Neurl4,0,0,0,0,0,0,1,0,0,0,1,0
Retreg3,0,0,0,0,0,0,1,0,0,0,0,0
Hmg20a,0,0,1,0,0,0,0,0,0,0,1,0
Unc13c,0,0,0,0,0,0,1,0,0,0,0,0
Zkscan7,0,0,0,0,0,0,0,0,0,1,0,0
Trappc8,0,0,0,0,0,0,1,0,0,0,0,0
Spsb4,0,0,0,0,0,0,0,0,1,0,0,0
Btnl7,0,0,0,0,0,0,0,0,1,0,0,0
Fut9,0,0,0,0,0,0,0,1,0,0,0,0
St8sia3,0,0,0,0,0,0,0,0,0,0,1,0
Tgfa,0,0,0,0,0,0,0,0,0,0,1,0
Mdm4,1,0,0,0,1,0,0,0,0,0,0,0
Pds5b,0,0,1,0,0,0,1,0,0,0,0,0
Naa11,0,0,0,0,0,0,1,0,0,0,0,0
Mindy3,0,0,1,0,0,0,0,0,0,0,0,0
C2cd2,0,0,0,0,0,0,1,0,0,0,0,0
Kbtbd8,0,0,0,0,0,0,1,0,0,0,0,0
Kcnk5,0,0,0,0,0,0,1,0,0,0,0,0
Utp11,1,0,0,0,1,0,0,0,0,0,0,0
Grin2a,1,0,0,0,1,0,0,0,0,0,0,0
Gtf2e1,1,0,0,0,1,0,0,0,0,0,0,0
Zfp819,0,0,0,0,0,0,0,0,0,0,1,0
Fam214a,0,1,0,0,0,0,0,0,0,0,0,0
Dcdc2,0,0,0,0,0,0,1,0,0,0,0,0
Azin1,0,0,0,0,0,0,0,0,1,0,0,0
Limk2,0,0,0,0,0,0,0,0,0,1,0,0
Lamp1,0,0,0,0,0,0,0,0,1,0,0,0
Mapk6,0,1,0,1,0,0,0,0,0,0,0,1
Lhfpl6,1,0,1,0,1,0,0,0,0,0,0,0
Rab1a,0,1,0,0,0,0,0,0,0,0,0,0
Hhip,0,0,0,0,0,1,0,0,0,0,0,0
Ppm1l,0,0,1,0,0,0,0,0,0,0,0,0
Sim1,0,0,0,0,0,0,1,0,0,0,0,0
Gtf3c4,1,0,0,0,1,0,0,0,0,0,0,0
Cnot7,1,0,0,0,1,0,0,0,0,0,0,0
Mycbp,0,0,0,1,0,0,0,0,0,0,0,1
Sema3f,1,0,0,0,1,0,0,0,0,0,0,0
Tln1,1,0,0,0,1,0,0,0,0,0,0,0
Tmem41b,1,0,0,0,1,0,0,0,0,0,0,0
Dstyk,0,0,1,0,0,0,0,0,0,0,0,0
Dtx2,0,0,0,1,0,0,0,0,0,0,0,1
Usp46,0,0,0,0,0,0,1,0,0,0,0,0
Wbp4,0,0,0,0,0,0,0,0,1,0,0,0
Pkd1,1,0,0,0,1,0,0,0,0,0,0,0
Usp33,0,0,0,0,0,1,0,0,0,0,1,0
Gsta3,0,0,0,0,0,0,1,0,0,0,0,0
Phtf2,1,0,0,0,1,0,0,0,0,0,0,0
Ranbp10,0,0,0,0,0,0,0,0,0,1,0,0
Ncald,0,0,0,0,0,0,1,0,0,0,0,0
Oxr1,0,0,0,0,0,1,0,0,0,0,0,0
Sbk1,0,1,0,0,0,0,0,0,0,0,0,0
Cldn12,0,0,0,1,0,0,0,0,1,0,0,1
Eef1akmt2,0,0,0,0,0,0,1,0,0,0,0,0
Nol4,0,0,0,0,0,0,0,0,1,0,1,0
Clec7a,0,1,0,0,0,0,0,0,0,0,0,0
RGD1304694,0,0,0,1,0,0,0,0,0,0,0,1
Tada2b,0,0,0,0,0,0,0,0,0,1,0,0
Dot1l,0,0,0,0,0,0,1,0,0,0,0,0
Tsr2,0,0,0,0,0,0,0,1,0,0,0,0
Rev3l,0,0,1,0,0,0,0,0,0,0,0,0
Mybl1,0,0,1,0,0,0,0,0,0,0,0,0
Elmod2,1,0,0,0,1,0,0,0,0,0,0,0
Rgs8,0,0,0,0,0,0,1,0,0,0,0,0
Unc5c,0,0,1,0,0,0,0,1,0,0,0,0
Gabpa,1,0,0,0,1,0,0,0,0,0,0,0
Slc30a4,1,0,0,0,1,0,0,0,0,0,0,0
Paqr9,0,0,0,0,0,0,1,0,0,0,0,0
B4galt4,0,0,0,0,0,0,0,0,1,0,0,0
Mtfr1l,0,0,0,0,0,0,0,1,0,0,0,0
Pkia,1,0,0,0,1,0,1,0,1,0,0,0
Col2a1,0,0,0,0,0,0,0,0,0,0,1,0
Spast,0,0,0,0,0,0,0,0,0,1,0,0
Fzd4,0,0,0,1,0,0,1,0,0,0,0,1
Mmp15,0,0,0,0,0,0,0,0,0,0,1,0
Psip1,1,0,0,0,1,0,0,0,0,0,0,0
Cdk16,0,0,0,0,0,0,0,0,0,1,0,0
Ndst1,1,0,0,0,1,0,0,0,0,1,0,0
Nufip1,0,0,0,0,0,0,1,0,0,0,0,0
Poll,0,0,0,0,0,0,0,0,0,1,0,0
Tmem266,0,0,0,0,0,0,0,0,0,0,1,0
Smarcad1,0,0,0,1,0,0,0,0,0,0,0,1
Bag5,1,0,0,0,1,0,0,0,0,0,0,0
Gtf2h1,0,0,0,0,0,0,0,0,0,0,1,0
Aqp6,0,0,1,0,0,0,0,0,0,0,0,0
Apob,0,0,0,0,0,0,0,0,0,1,0,0
Fam91a1,0,0,0,0,0,1,1,0,0,0,0,0
Mamdc4,0,0,0,0,0,0,1,0,0,0,0,0
Sfr1,1,0,0,0,1,0,0,0,0,0,0,0
Slc6a15,1,0,0,0,1,0,0,0,0,0,0,0
Dnajc27,0,0,0,0,0,0,1,0,0,0,0,0
Plxnd1,0,0,0,0,0,0,1,0,0,0,0,0
Plppr4,1,0,0,0,1,0,0,0,0,0,0,0
Hip1,0,0,0,1,0,0,0,0,0,0,0,1
Gja1,0,0,0,0,0,0,0,0,1,0,0,0
Ubxn2b,0,1,0,0,0,0,0,0,0,0,0,0
RGD1562136,0,0,0,0,0,0,0,0,0,0,1,0
Itgal,0,0,0,1,0,0,0,0,0,0,0,1
Tubb3,1,0,0,0,1,0,0,0,0,0,0,0
Ranbp6,0,0,1,0,0,0,0,0,0,0,0,0
Chn1,0,0,0,0,0,0,0,1,0,0,0,0
Clasp2,1,0,1,1,1,0,0,0,0,0,0,1
Hyal4,0,0,0,0,0,0,1,0,0,0,0,0
Gal3st3,0,0,0,0,0,0,0,0,0,1,0,0
Wdr20,0,0,0,0,0,0,0,0,0,0,1,0
Flrt3,0,0,0,0,0,0,1,0,0,0,0,0
Sfrp1,0,0,0,0,0,0,1,0,0,0,0,0
Tiam1,0,0,1,0,0,0,0,0,0,0,0,0
Sulf1,1,0,0,0,1,0,0,0,0,0,0,0
E2f6,0,0,0,0,0,0,0,0,1,0,0,0
Gca,0,0,0,0,0,0,1,0,0,0,0,0
Kcnj3,0,0,0,0,0,1,0,0,0,0,0,0
Cbr4,1,0,0,0,1,0,0,0,0,0,0,0
Nudt4,1,0,0,0,1,0,0,0,0,0,0,0
Kmt5b,0,0,0,0,0,0,1,0,0,0,0,0
Pnkd,0,0,0,0,0,0,1,0,0,0,0,0
Rnf165,0,0,0,0,0,0,0,0,0,1,0,0
Jun,1,0,0,0,1,0,0,0,0,0,0,0
Cav2,0,0,0,0,0,0,0,0,1,0,0,0
Slc23a1,1,0,0,0,1,0,0,0,0,0,0,0
Gas7,0,0,0,1,0,0,0,0,0,0,0,1
MGC94207,0,0,0,0,0,0,0,0,0,0,1,0
Rbm47,0,0,0,0,0,0,0,1,0,0,0,0
Hnf1b,0,0,0,0,0,0,0,0,0,1,0,0
Ptprf,0,0,0,0,0,0,0,0,0,1,0,0
Hey2,0,1,0,0,0,0,0,0,0,0,0,0
Fbxo5,0,0,1,0,0,0,0,0,0,0,0,0
Mgat2,1,0,0,0,1,0,0,0,0,0,0,0
LOC301165,0,0,0,0,0,0,0,0,0,1,0,0
Rab21,1,0,0,0,1,0,0,0,0,0,0,0
Matr3,1,0,0,0,1,0,0,0,0,1,0,0
Zfp385a,0,1,0,0,0,0,0,0,0,0,0,0
Zfhx4,0,0,0,0,0,0,0,0,1,0,0,0
RGD1566386,0,0,0,0,0,0,0,1,0,0,0,0
Nrarp,0,0,0,0,0,0,1,0,0,0,1,0
Btg2,0,1,0,0,0,0,1,0,0,0,0,0
Jam3,0,0,0,0,0,1,0,0,0,0,0,0
Sstr1,0,0,0,0,0,0,0,0,0,1,0,0
Tnfrsf26,0,0,0,0,0,0,1,0,0,0,0,0
Siglec5,0,0,1,0,0,0,0,0,0,0,0,0
Best3,0,0,0,0,0,1,0,0,0,0,0,0
Aco1,0,0,1,0,0,0,0,0,0,0,0,0
Gata4,1,0,0,0,1,0,0,0,0,0,0,0
Ifnar1,0,0,1,0,0,0,0,0,0,0,0,0
Spta1,0,0,0,0,0,0,1,0,0,0,0,0
Capn15,0,0,0,0,0,0,1,0,0,0,0,0
St6galnac3,0,1,0,0,0,0,1,0,0,0,0,0
Fermt2,0,1,0,0,0,0,0,0,0,0,0,0
Rreb1,0,0,0,0,0,0,1,0,0,0,0,0
L2hgdh,0,0,0,0,0,0,1,0,0,0,0,0
Hlx,0,0,0,0,0,0,1,0,0,0,0,0
Dusp5,0,0,0,0,0,0,0,0,1,0,0,0
Cblb,0,0,0,0,0,0,1,0,0,0,0,0
Ankhd1,0,0,0,0,0,0,0,0,1,0,0,0
Lamc1,0,0,0,0,0,0,0,1,0,0,0,0
Arhgap1,0,0,0,0,0,0,1,0,0,0,0,0
Nap1l5,0,0,0,0,0,0,1,0,0,0,0,0
Cggbp1,0,0,0,0,0,0,0,0,1,0,0,0
Ripk2,0,0,0,0,0,0,0,0,1,0,0,0
Gabarapl2,1,0,0,0,1,0,0,0,0,0,0,0
Serinc1,1,0,0,0,1,0,0,0,0,0,0,0
Cdkn1b,0,1,0,0,0,0,0,0,0,0,1,0
Rbfox1,0,0,0,0,0,0,1,0,0,0,0,0
Trim23,0,0,0,0,0,0,1,0,0,0,0,0
Med8,0,0,0,1,0,0,0,0,0,0,0,1
Gpx5,0,0,0,0,0,0,0,0,1,0,0,0
B3gnt5,0,0,0,0,0,0,0,0,0,1,0,0
RGD1307947,1,0,0,0,1,0,0,0,0,0,0,0
Clk2,0,0,0,0,0,0,1,0,0,0,0,0
4-Sep,0,0,0,0,0,0,0,1,0,0,0,0
Capn6,0,0,0,0,0,0,0,0,1,0,0,0
Rims1,0,0,1,0,0,0,0,0,0,0,0,0
Pex11a,0,0,0,0,0,0,0,0,1,0,0,0
RGD1308117,0,0,0,1,0,0,0,0,0,1,0,1
Ube2d1,0,0,0,0,0,0,0,0,1,0,1,0
Chst10,0,0,0,0,0,0,0,0,1,0,0,0
Chd5,0,0,0,0,0,0,0,0,0,1,0,0
Bora,0,0,0,0,0,0,0,0,1,0,0,0
Adcyap1r1,0,0,0,0,0,0,1,0,0,0,0,0
Cdip1,0,0,0,0,0,0,1,0,0,0,0,0
Nipal4,0,0,0,1,0,0,1,0,0,0,0,1
Ywhah,0,0,0,0,0,1,0,0,0,0,0,0
Add1,0,0,0,0,0,0,1,0,0,0,0,0
Zc3h7a,0,0,0,0,0,0,0,1,0,0,0,0
Ugt2b7,0,0,0,0,0,0,1,0,0,0,0,0
Zfp655,0,0,0,0,0,0,0,0,1,0,0,0
Gspt1,0,0,0,0,0,0,1,0,0,0,0,0
Aldh5a1,0,0,0,0,0,0,1,0,0,0,0,0
Aifm2,0,0,0,0,0,0,0,1,0,0,0,0
Cox18,0,0,0,0,0,0,0,0,0,0,1,0
Optn,0,0,0,0,0,0,1,0,0,0,0,0
Snx27,0,0,0,0,0,0,0,0,0,0,1,0
Spryd7,1,0,0,0,1,0,0,0,0,0,0,0
Arrb2,0,0,0,0,0,1,0,0,0,0,0,0
Rbm24,0,1,0,0,0,0,0,0,0,0,1,0
Dcp2,0,0,1,0,0,0,0,0,0,0,1,0
Ago3,0,0,0,1,0,0,0,0,0,0,0,1
Mageb18,0,0,0,0,0,0,0,1,0,0,0,0
Nphp3,0,0,0,1,0,0,0,0,0,0,0,1
Edem1,0,0,1,0,0,0,0,0,0,0,0,0
Abca8a,0,0,0,0,0,0,0,1,0,0,0,0
Sowahc,0,0,0,0,0,0,0,0,1,0,0,0
Sptlc2,0,0,0,0,0,0,0,0,0,1,0,0
Cdc25a,0,0,1,0,0,0,0,0,0,0,0,0
Arhgef37,0,0,0,0,0,0,1,0,0,0,1,0
Selenot,0,0,0,0,0,0,0,1,0,0,0,0
Cul3,0,0,0,0,0,0,0,0,1,0,0,0
Rarb,0,0,1,0,0,0,0,0,0,0,0,0
LOC680039,0,0,0,0,0,0,0,0,0,0,1,0
Zfpm2,1,0,0,0,1,0,0,0,0,0,0,0
Ube2d3,0,0,0,0,0,0,0,0,0,0,1,0
Crat,0,0,0,0,0,0,0,0,0,1,0,0
Lrp1,1,0,0,0,1,0,0,1,0,0,0,0
Tyw5,0,1,0,0,0,0,0,0,0,0,0,0
Ctsm,0,0,1,0,0,0,0,0,0,0,0,0
Zfr,0,0,1,0,0,0,0,0,0,0,0,0
Slc38a2,1,0,0,0,1,0,0,0,0,0,0,0
Smim13,1,0,0,0,1,1,0,0,0,0,0,0
Map1b,0,0,0,0,0,0,1,0,0,0,0,0
Prpf4b,0,0,0,0,0,0,0,0,1,0,0,0
Arhgap21,0,0,0,0,0,0,0,0,0,0,1,0
Ywhab,0,0,0,0,0,0,0,0,0,0,1,0
Pcdh19,0,0,0,0,0,0,0,0,1,0,0,0
Xpo4,0,0,0,0,0,0,0,1,0,0,1,0
Nfe2l2,0,0,0,0,0,0,0,0,1,0,0,0
Prkcb,0,0,0,0,0,0,1,0,0,0,0,0
Oat,1,0,0,0,1,0,0,0,0,0,0,0
Zbtb39,0,0,0,0,0,0,1,0,0,0,0,0
2-Mar,0,0,0,0,0,0,0,0,0,0,1,0
B3gnt7,0,0,0,1,0,0,1,0,0,0,0,1
Herc3,0,0,0,0,0,0,1,1,0,0,0,0
Epc1,0,0,0,0,0,1,0,0,0,0,0,0
Ncoa1,0,0,0,0,0,0,0,0,0,0,1,0
Nefm,0,0,0,0,0,0,0,0,0,1,0,0
Efhd2,0,0,0,1,0,0,0,0,0,0,0,1
Adpgk,0,0,1,0,0,0,0,0,0,0,0,0
Zfp143,0,0,0,0,0,0,1,0,0,0,0,0
Aldh1a1,0,0,1,0,0,0,0,0,0,0,0,0
Hoxd10,0,0,0,0,0,0,0,0,1,0,0,0
Ier5,1,0,0,0,1,0,0,0,0,0,0,0
Igsf10,1,0,0,0,1,0,0,0,0,0,0,0
Armt1,0,0,0,1,0,0,0,0,0,0,0,1
E2f7,0,0,0,0,0,0,1,0,0,0,0,0
Sorl1,0,0,0,0,0,0,1,0,0,0,0,0
Usp49,0,0,0,0,0,0,0,0,0,1,0,0
Tbl1xr1,0,0,0,0,0,0,0,0,0,0,1,0
Ppp3r1,0,1,0,0,0,0,0,0,0,0,0,0
Golga7,1,0,0,0,1,0,0,0,0,0,0,0
Sesn1,1,0,0,0,1,0,0,0,0,0,0,0
Tfpi2,0,0,0,0,0,0,0,0,1,0,0,0
Supt20h,1,0,0,0,1,0,0,0,0,0,0,0
Ahctf1,0,0,0,1,0,0,0,0,0,0,0,1
Hnrnpf,0,0,1,0,0,0,0,0,0,0,0,0
Epha2,0,0,1,0,0,0,0,0,0,0,0,0
Synj1,0,0,0,0,0,1,0,0,0,0,1,0
Cep41,1,0,0,0,1,0,0,0,0,0,0,0
Canx,0,0,0,0,0,0,0,0,0,0,1,0
Prkcz,0,0,0,0,0,0,0,0,0,0,1,0
Insyn2,0,0,0,0,0,0,0,0,1,0,0,0
Slc34a2,0,0,0,0,0,0,1,0,0,0,0,0
Abcd1,0,0,0,0,0,0,0,1,0,0,0,0
Sntg2,0,0,0,0,0,0,0,0,1,0,0,0
Spag9,1,0,0,0,1,0,0,0,0,0,0,0
Mrap,0,1,0,0,0,0,0,0,0,0,0,0
Dpy19l1,1,0,0,0,1,0,0,0,0,0,0,0
Helz2,0,0,0,0,0,0,0,0,0,0,1,0
Adamts10,0,0,0,0,0,0,1,0,0,0,0,0
Mpped2,0,0,1,0,0,0,0,0,0,0,0,0
Atp1b3,0,0,0,0,0,0,0,0,1,0,0,0
Hmgb3,1,0,0,0,1,0,0,0,0,0,0,0
Tmed5,0,0,1,0,0,0,0,0,1,0,0,0
Hbegf,0,0,0,0,0,0,1,0,0,0,0,0
Ccp110,0,0,0,0,0,0,0,0,1,0,0,0
Etnk1,0,0,0,0,0,0,0,1,1,0,0,0
Kdr,1,0,0,0,1,0,0,0,0,0,0,0
Snx16,0,0,0,1,0,0,0,0,0,0,0,1
Tyms,0,0,0,0,0,1,0,0,0,0,0,0
Evi5,1,0,0,0,1,0,1,0,0,0,0,0
Gpc2,0,0,1,0,0,0,0,0,0,0,0,0
Gatc,0,0,0,0,0,0,1,0,0,0,0,0
Gpm6a,1,0,0,0,1,0,0,1,0,0,1,0
Wrb,0,0,0,0,0,0,1,0,0,0,0,0
Ddi2,0,0,0,1,0,0,0,0,0,0,0,1
Rheb,0,0,1,0,0,0,0,0,0,0,0,0
Ctnnal1,0,0,1,0,0,0,0,0,0,0,0,0
Aftph,0,0,0,0,0,0,0,0,0,0,1,0
Tspan14,0,0,0,0,0,0,0,0,0,1,0,0
Med1,0,0,0,0,0,0,0,1,0,0,0,0
Swt1,0,0,0,0,0,0,0,0,1,0,0,0
Trim63,0,0,0,0,0,0,0,0,1,0,0,0
Ino80,0,0,0,0,0,0,0,0,0,0,1,0
Pla2g3,0,0,0,1,0,0,0,0,0,0,0,1
Tmem30c,0,0,0,0,0,0,0,0,0,1,0,0
Tmem115,0,0,0,0,0,0,0,0,0,1,0,0
Gpr158,1,0,0,0,1,0,0,0,0,0,0,0
Xkr8,1,0,0,1,1,0,0,0,0,0,0,1
Cnot1,0,0,0,0,0,0,1,0,0,0,0,0
Epb41l4a,0,0,0,0,0,0,1,0,0,0,0,0
Pald1,0,0,0,1,0,0,0,0,0,0,0,1
Ulk2,1,0,1,0,1,0,0,0,0,0,0,0
Msantd4,0,0,1,0,0,0,0,0,0,0,0,0
Rem2,0,0,0,0,0,0,0,0,0,0,1,0
Slc7a6,0,0,0,0,0,0,0,0,0,1,0,0
Rbsn,1,0,0,0,1,0,0,0,0,0,0,0
Calu,0,0,0,0,0,0,0,1,0,0,0,0
Tcte1,0,0,0,1,0,0,0,0,0,0,0,1
Acta2,0,0,0,0,0,0,1,0,0,0,0,0
Fndc8,0,0,0,0,0,0,1,0,0,0,0,0
Aldh1a2,0,0,0,0,0,0,0,0,1,0,0,0
Rfx7,0,1,0,0,0,0,0,0,0,0,0,0
Auh,0,0,0,0,0,0,0,0,1,0,0,0
Ube3a,0,0,1,0,0,0,0,0,0,0,0,0
Stx5,0,0,0,0,0,0,0,0,0,1,0,0
Soat2,0,0,0,1,0,0,0,0,0,0,0,1
Osgepl1,1,0,0,0,1,0,0,0,0,0,0,0
Tnfrsf1b,0,0,0,1,0,0,0,0,0,0,0,1
Mex3c,1,0,0,0,1,0,0,0,0,0,0,0
Wsb1,0,0,0,0,0,0,1,0,0,0,0,0
Cth,0,0,0,0,0,0,1,0,0,0,0,0
Mdfi,0,0,0,1,0,0,1,0,1,0,0,1
Ralbp1,0,0,0,0,0,0,0,0,0,0,1,0
Bcl2l11,0,0,0,0,0,0,0,0,0,1,1,0
Vangl2,0,0,1,0,0,0,0,0,0,0,0,0
Blcap,0,0,0,0,0,0,0,0,1,0,0,0
Rgl1,1,0,0,0,1,0,0,0,0,0,0,0
Gon7,0,0,1,0,0,0,0,0,0,0,0,0
Spry2,0,0,0,0,0,0,1,0,0,0,0,0
Tril,0,0,0,0,0,0,1,0,1,0,0,0
Zfp652,0,0,0,0,0,0,0,0,1,0,0,0
Elmod1,1,0,0,0,1,0,0,0,0,0,0,0
Ccr5,0,1,0,0,0,0,0,0,0,0,0,0
Pkn2,0,0,1,0,0,0,0,0,0,0,0,0
Sik1,0,0,0,0,0,0,0,0,0,0,1,0
Khdrbs1,1,0,0,0,1,0,0,0,0,0,0,0
Brpf1,0,0,0,0,0,0,0,0,0,0,1,0
Map4k3,1,0,0,1,1,0,0,0,0,0,0,1
Gab1,0,1,0,0,0,0,1,0,0,0,0,0
Irs2,0,0,0,1,0,0,0,0,0,0,0,1
Tmem237,0,0,1,0,0,0,0,0,0,0,0,0
Acot7,0,0,1,0,0,0,0,0,0,0,0,0
Fras1,0,0,0,1,0,0,0,0,0,0,0,1
Cfl2,1,0,0,0,1,0,0,0,0,0,0,0
Zdhhc23,0,0,0,1,0,0,0,0,0,0,0,1
Slc6a9,0,0,1,0,0,0,0,0,0,0,0,0
Dagla,0,0,0,0,0,0,0,0,0,1,0,0
Atp13a2,0,0,0,0,0,0,0,0,0,1,0,0
Pkdcc,0,0,0,0,0,0,0,0,1,1,0,0
Nap1l2,0,0,0,0,0,0,1,0,0,0,0,0
Bex3,0,0,0,0,0,0,1,0,0,0,0,0
Pcmtd1,1,0,0,0,1,0,0,0,0,0,0,0
Apopt1,0,0,0,0,0,0,0,0,1,0,0,0
Zfp189,0,0,0,0,0,0,1,0,0,0,0,0
Plau,0,0,0,0,0,0,0,0,1,0,0,0
Arhgap12,0,0,0,1,0,0,0,0,0,0,0,1
Plekho1,0,0,0,1,0,0,0,0,0,0,0,1
Lhfpl2,0,0,0,0,0,0,0,1,1,0,0,0
Reep1,0,0,0,0,0,0,0,0,0,1,0,0
Brd3,0,0,1,1,0,0,0,0,0,0,0,1
Shmt2,0,0,1,0,0,0,0,0,0,0,0,0
Lpar1,1,0,0,0,1,0,0,0,1,0,0,0
Dmrt3,0,1,0,0,0,0,0,0,0,0,0,0
Klf12,0,0,1,0,0,0,0,0,0,0,0,0
Gpc5,0,0,0,0,0,0,1,0,0,0,0,0
Nol8,0,0,0,0,0,0,0,0,0,1,0,0
Zswim7,0,0,0,0,0,0,0,0,0,1,0,0
Matn3,0,0,0,0,0,0,1,0,0,0,0,0
Mmd,1,0,0,0,1,0,1,1,0,0,1,0
Txnrd1,0,0,0,0,0,0,0,0,1,0,0,0
Ror1,0,0,0,0,0,0,1,0,0,0,0,0
Fam133b,0,0,0,0,0,0,1,0,0,0,0,0
Elp1,0,0,0,1,0,0,0,0,0,0,0,1
Lpcat2,0,0,0,0,0,0,1,0,0,0,0,0
Sms,0,0,0,0,0,0,0,0,1,0,1,0
Foxo1,0,0,0,0,0,0,1,0,0,0,0,0
Vav2,0,0,0,0,0,0,1,0,0,0,0,0
Pbx3,0,0,0,1,0,0,0,0,0,0,0,1
Mthfs,0,0,1,0,0,0,0,0,0,0,0,0
Il6,0,0,0,1,0,0,0,0,0,0,0,1
Ccnk,0,0,0,0,0,0,1,0,0,0,0,0
Map3k14,0,0,0,0,0,0,1,0,0,0,0,0
LOC100125362,1,0,0,0,1,0,0,0,0,0,0,0
Fads1,0,0,0,0,0,1,0,0,0,0,0,0
Gnb3,0,1,0,0,0,0,0,0,0,0,0,0
Ptprm,0,0,0,0,0,0,0,1,0,0,0,0
Crebrf,0,0,1,0,0,1,1,1,0,0,0,0
Kctd17,0,0,0,1,0,0,0,0,0,0,0,1
Skp2,0,0,0,0,0,1,0,0,0,0,0,0
Ccm2,0,0,0,0,0,0,1,1,1,0,0,0
Rpe65,0,0,0,0,0,0,0,0,0,0,1,0
Rab34,0,0,0,0,0,0,0,0,0,0,1,0
Tbk1,1,0,0,0,1,0,0,0,0,0,0,0
Pcdh9,0,0,1,0,0,0,0,0,0,0,0,0
Bicdl1,0,1,0,0,0,0,0,0,0,0,0,0
Mdfic,0,0,0,0,0,0,0,0,1,0,1,0
Hadha,0,0,0,0,0,0,1,0,0,0,0,0
Slco4a1,0,0,0,0,0,0,0,0,0,0,1,0
Kif16b,0,1,0,0,0,0,0,0,0,0,0,0
Ptpn13,1,0,0,0,1,0,0,0,0,0,0,0
Ppm1b,1,0,0,0,1,0,0,0,0,0,0,0
Smarca5,0,1,0,0,0,0,0,0,0,0,0,0
Ppp4r2,0,0,0,0,0,0,1,0,1,0,0,0
Mad2l1bp,1,0,0,0,1,0,0,0,0,0,0,0
Tbkbp1,0,0,0,1,0,0,0,0,0,0,0,1
S100a3,0,0,1,0,0,0,0,0,0,0,0,0
Rab11fip4,0,0,0,1,0,0,0,0,0,0,0,1
Gpr132,0,0,0,1,0,0,0,0,0,0,0,1
Fam135a,0,0,0,1,0,0,0,0,0,0,0,1
Tnpo1,0,0,0,0,0,0,1,0,1,0,1,0
Rtca,1,0,0,0,1,0,0,0,0,0,0,0
Slit3,0,0,0,0,0,0,0,1,0,0,0,0
Ntng1,0,0,0,0,0,0,0,1,0,0,0,0
Nemp2,0,0,0,0,0,0,1,0,0,0,0,0
Mmd2,1,0,0,0,1,0,0,0,0,0,0,0
Ccdc71,0,0,0,0,0,0,0,0,0,0,1,0
Thrb,0,0,1,0,0,0,1,0,0,0,0,0
Pde3b,0,0,0,0,0,0,0,1,0,0,0,0
Phex,1,0,0,0,1,0,0,0,0,0,0,0
Tmem54,0,0,0,0,0,0,0,0,0,0,1,0
Lgalsl,0,0,0,0,0,0,0,0,0,0,1,0
Cdk17,1,0,0,0,1,0,0,0,1,0,0,0
Slc12a9,0,0,0,1,0,0,0,0,0,0,0,1
En2,0,0,0,0,0,0,1,0,0,0,0,0
Pgm2l1,0,0,0,0,0,0,0,0,0,0,1,0
Ldlrad4,0,0,1,0,0,0,0,0,0,0,0,0
Abhd18,0,0,1,0,0,0,0,0,1,0,0,0
Unc119b,0,0,1,0,0,0,0,0,0,0,0,0
Nav2,0,0,0,0,0,0,1,0,0,1,0,0
Runx2,0,0,0,0,0,0,0,1,0,0,0,0
Cdx2,0,0,0,0,0,0,0,0,0,1,0,0
Tex37,0,0,0,0,0,0,0,1,0,0,0,0
Cercam,0,0,0,1,0,0,0,0,0,0,0,1
Grid2ip,0,0,0,1,0,0,0,0,0,0,0,1
Sec24a,1,0,0,0,1,0,0,0,0,0,0,0
Nsd2,0,0,0,0,0,0,0,0,0,1,1,0
Actr3,0,0,0,0,0,0,0,0,1,0,0,0
Liph,0,0,0,1,0,0,0,0,0,0,0,1
Klf3,0,0,0,0,0,0,1,0,1,0,0,0
Fam234b,0,0,0,0,0,0,0,0,1,0,0,0
Ercc6,0,0,0,1,0,0,0,0,0,0,0,1
Stk35,0,0,0,0,0,0,0,0,1,0,0,0
Uqcc1,0,0,0,0,0,0,0,0,0,1,0,0
Aff4,0,0,0,0,0,0,1,0,0,0,0,0
Acsl1,0,0,0,0,0,0,0,1,0,0,0,0
Pdxp,0,0,0,0,0,0,0,0,1,0,0,0
Calcr,0,0,1,0,0,0,0,0,0,0,0,0
Ppp1r13b,0,0,0,0,0,0,0,0,1,0,0,0
Wdr37,0,0,0,1,0,1,1,0,1,0,0,1
Scel,1,0,0,0,1,0,0,0,0,0,0,0
Cpsf6,0,0,0,0,0,0,0,1,0,0,0,0
Tceanc2,0,0,0,0,0,0,0,0,0,1,0,0
Osbpl11,1,0,0,0,1,0,0,0,0,0,0,0
Kdelr2,0,0,0,0,0,0,0,0,0,0,1,0
Ankrd44,1,0,1,0,1,0,0,0,0,0,0,0
Six4,0,0,0,0,0,0,0,0,1,0,0,0
Tra2b,0,0,1,0,0,0,0,0,0,0,0,0
Nod2,0,0,0,0,0,0,1,0,0,0,0,0
Tgfb2,0,0,1,0,0,0,0,0,0,0,0,0
Ssbp3,0,0,0,0,0,0,0,1,0,0,0,0
Jph3,0,0,0,0,0,0,0,0,0,0,1,0
Adora2b,0,0,0,0,0,0,1,0,0,0,0,0
Prl3b1,0,0,0,1,0,0,0,0,0,0,0,1
Urgcp,0,0,1,0,0,0,0,0,0,0,0,0
Mapk8,0,0,0,1,0,0,0,0,0,0,0,1
Aarsd1,0,0,0,0,0,0,0,0,0,1,0,0
Stk40,0,0,0,1,0,0,0,0,0,0,0,1
Mllt10,0,0,0,0,0,0,0,0,0,0,1,0
Diaph1,0,0,0,0,0,0,0,0,0,1,0,0
Elavl2,1,0,1,0,1,0,0,0,0,0,0,0
Rnmt,0,0,1,0,0,0,0,0,0,0,0,0
Cds1,0,0,0,0,0,0,1,0,0,0,1,0
Nkd1,0,0,1,0,0,0,0,0,0,0,0,0
Hapln2,0,0,0,0,0,1,0,0,0,0,0,0
Hcn4,0,0,0,0,0,0,1,0,0,0,0,0
Mpp6,0,0,1,0,0,0,0,0,0,0,0,0
Afdn,0,0,0,0,0,0,0,1,0,0,0,0
Cyp2j3,0,0,1,0,0,0,0,0,0,0,0,0
Abhd6,0,0,0,0,0,0,0,0,1,0,0,0
Arih1,1,0,0,0,1,0,0,0,0,0,0,0
S1pr1,0,0,0,0,0,0,0,0,0,0,1,0
Atxn1,0,0,1,0,0,0,0,0,0,0,0,0
Tmprss2,0,0,0,1,0,0,0,0,0,0,0,1
Ppp1r18,1,0,0,0,1,0,0,0,0,0,0,0
Tnrc6b,0,0,1,0,0,0,0,0,0,0,0,0
Adamts15,0,0,0,1,0,0,0,0,0,0,1,1
Mrpl47,0,0,0,0,0,1,0,0,0,0,0,0
Frs3,0,0,0,0,0,0,1,0,0,0,0,0
Pik3c2a,0,0,0,0,0,0,0,0,1,0,0,0
Casp2,1,0,0,0,1,0,0,0,0,0,0,0
Mier1,0,0,0,1,0,0,0,0,0,0,0,1
Ccl28,0,0,0,0,0,0,0,0,1,0,0,0
Vdac3,0,0,0,0,0,0,1,0,0,0,0,0
Itga6,0,0,1,0,0,0,0,0,0,0,0,0
Cxcl13,0,0,0,0,0,0,0,0,0,0,1,0
Mal2,0,0,0,0,0,0,1,0,0,0,0,0
Slc24a3,0,0,0,0,0,0,0,0,0,0,1,0
Psd4,0,0,0,0,0,0,0,1,0,0,0,0
Dkk2,0,0,0,0,0,0,1,0,0,0,0,0
Ric3,1,0,0,0,1,0,0,0,0,0,0,0
Elavl4,0,0,0,0,0,0,0,0,0,0,1,0
Trak2,0,0,0,0,0,0,0,1,0,0,0,0
Smim3,0,0,0,1,0,0,0,0,0,0,0,1
Zfp275,0,0,0,1,0,0,0,0,0,0,0,1
Tox3,0,0,0,0,0,0,0,0,1,0,0,0
Slc24a2,0,0,0,0,0,0,0,0,0,0,1,0
Tyk2,0,0,0,1,0,0,0,0,0,0,0,1
Ppp1r3a,0,0,0,0,0,0,0,1,0,0,0,0
Hmgb2,0,0,0,0,0,0,0,0,1,0,0,0
Dyrk2,0,0,0,0,0,0,0,0,0,1,0,0
Pnrc1,0,0,0,0,0,0,0,0,1,0,0,0
Edn1,0,0,0,1,0,0,0,0,0,0,0,1
Kctd8,0,0,0,0,0,0,1,0,0,0,0,0
Syvn1,1,0,0,0,1,0,0,0,0,0,0,0
Nup107,1,0,0,0,1,0,0,0,0,0,0,0
Gls,0,0,1,0,0,0,0,0,0,0,0,0
Hykk,0,0,0,0,0,0,0,1,0,0,0,0
Fcho2,0,0,0,0,0,0,0,0,0,0,1,0
Magohb,0,0,0,0,0,0,0,0,1,0,0,0
Rnf2,0,0,0,0,0,0,0,0,0,1,0,0
Stard13,0,0,0,0,0,0,0,0,0,0,1,0
Nptn,0,0,0,0,0,0,0,0,0,0,1,0
Gpr22,0,0,0,0,0,0,0,0,1,0,0,0
Sos2,0,0,0,0,0,0,0,0,0,0,1,0
Tlk2,0,0,0,0,0,0,1,0,0,0,0,0
Srsf1,1,0,0,0,1,0,0,0,0,0,0,0
Edrf1,0,0,0,0,0,0,1,0,0,0,0,0
Pdgfra,0,0,1,0,0,0,1,0,0,1,0,0
Yaf2,0,0,1,0,0,0,0,0,0,0,0,0
Ptafr,0,0,0,1,0,0,0,0,0,0,0,1
Fmr1,0,1,0,0,0,0,0,0,1,0,1,0
Cdk19,0,1,0,0,0,0,0,0,0,0,1,0
Ccdc93,0,0,0,0,0,0,0,1,0,0,0,0
Senp6,0,0,0,0,0,0,0,0,1,0,0,0
Tsc22d1,0,0,0,0,0,0,0,1,0,0,0,0
Bmp3,0,0,0,0,0,0,0,0,0,0,1,0
Kcna4,0,0,0,0,0,0,1,0,0,0,0,0
B3galt2,0,0,0,0,0,0,0,0,1,0,0,0
Lcp2,1,0,0,0,1,0,0,0,0,0,0,0
Kdm3a,0,0,0,1,0,0,1,0,0,0,0,1
Adm,0,0,0,0,0,1,0,0,0,0,0,0
Sbno1,0,0,0,0,0,0,0,0,1,0,0,0
Cbfb,0,0,0,0,0,1,0,0,0,0,0,0
Pxdn,0,0,0,1,0,0,0,0,0,0,0,1
Pitx2,0,0,1,0,0,0,0,0,0,0,0,0
Slc35d2,0,0,0,1,0,0,0,0,0,0,0,1
Atp6v1a,0,0,1,0,0,0,0,0,0,0,0,0
Mnx1,0,0,1,0,0,0,0,0,0,0,0,0
Magee2,0,0,1,0,0,0,0,0,0,0,0,0
LOC100125364,0,0,1,0,0,0,0,0,0,0,0,0
Hnf4g,0,0,0,0,0,0,0,0,1,0,0,0
Apba1,0,0,0,0,0,0,0,0,0,1,0,0
Melk,0,0,0,0,0,0,0,0,1,0,0,0
Hltf,0,0,0,0,0,0,0,0,1,0,0,0
Kat7,0,0,0,0,0,0,0,0,0,1,1,0
Slc20a1,0,0,0,1,0,0,0,0,0,0,0,1
Dnajb9,1,0,0,0,1,0,0,0,0,0,0,0
Ubxn8,0,0,0,0,0,0,0,0,1,0,0,0
Myh10,0,0,1,0,0,0,0,0,0,0,0,0
Cmtm7,0,0,0,0,0,0,0,0,0,1,0,0
Vsig10,0,0,0,0,0,0,1,0,0,0,0,0
Tnrc18,0,0,0,0,0,0,1,0,0,0,0,0
Masp1,0,0,0,1,0,0,0,0,0,0,0,1
Ppargc1b,0,0,0,1,0,0,0,0,0,0,0,1
Ckap4,1,0,0,0,1,0,1,0,0,0,0,0
Ebf2,0,0,0,0,0,0,0,1,0,0,0,0
Pdia6,0,0,0,0,0,0,0,0,1,0,0,0
Atpaf1,0,1,0,0,0,0,0,0,0,0,0,0
Zfyve26,0,0,0,1,0,0,0,0,0,0,1,1
Gatm,0,0,0,1,0,0,0,0,0,0,0,1
RGD1306941,0,0,1,0,0,0,0,0,0,0,0,0
Plcxd2,0,0,0,0,0,0,1,0,0,0,0,0
Pax9,0,0,0,0,0,0,1,0,1,0,0,0
Ebf3,0,0,0,0,0,0,0,0,1,0,0,0
Plaa,0,0,0,0,0,0,0,0,0,0,1,0
Ptpn12,1,0,0,0,1,0,0,0,0,0,0,0
Tmem168,0,0,1,0,0,0,0,0,1,0,0,0
Vstm5,0,0,0,1,0,0,0,0,1,0,0,1
Dgcr8,0,0,0,0,0,0,0,1,0,0,1,0
Nr1d2,0,0,0,0,0,1,1,0,0,0,0,0
Grin2d,0,0,0,0,0,0,1,0,0,0,0,0
Tgfbr3,0,0,0,0,0,0,0,0,1,0,0,0
Slc19a2,1,0,1,0,1,0,0,1,0,0,0,0
Rnf38,0,0,0,0,0,0,0,0,0,0,1,0
Tent4b,1,0,0,0,1,0,0,0,0,0,0,0
Rnf146,0,0,0,0,0,0,0,0,1,0,0,0
Trmt6,0,0,0,0,0,0,0,0,0,1,0,0
Rpusd3,0,0,0,1,0,0,0,0,0,0,0,1
Cdc40,0,0,0,0,0,0,0,0,1,0,0,0
B3galt4,0,0,0,1,0,0,0,0,0,0,0,1
Meox2,0,0,0,0,0,0,0,0,0,0,1,0
Dusp3,0,0,1,0,0,0,0,0,0,0,0,0
Ints2,0,0,0,1,0,0,0,0,0,0,0,1
Rtf1,1,0,0,0,1,0,0,0,0,0,0,0
Nck2,1,0,0,0,1,0,0,0,0,0,0,0
Eloc,1,0,0,0,1,0,0,0,0,0,0,0
Ankrd40,1,0,0,0,1,0,0,0,0,0,0,0
Limd2,0,0,0,1,0,0,0,0,0,0,0,1
Zfp583,0,0,0,1,0,0,0,0,0,0,0,1
Ndst2,0,0,0,1,0,0,0,0,0,0,0,1
Entpd5,0,0,0,0,0,0,0,0,1,0,0,0
Faslg,0,0,0,1,0,0,0,0,0,1,0,1
Car5b,0,0,1,0,0,0,0,0,0,0,0,0
Mbd6,0,0,0,0,0,0,0,0,0,1,0,0
Foxj3,0,0,1,0,0,0,0,0,0,0,0,0
Pcdhb6,0,0,1,0,0,0,0,0,0,0,0,0
Snn,0,0,0,1,0,0,0,0,0,0,1,1
Aqp11,0,0,0,0,0,0,1,0,0,0,0,0
Gfer,0,0,0,0,0,0,0,0,0,1,0,0
Meis2,0,0,0,0,0,0,0,0,1,0,0,0
Zfp282,0,0,0,1,0,0,0,0,0,0,0,1
Gtpbp3,0,0,0,0,0,0,0,0,0,1,0,0
Dr1,0,0,1,0,0,0,0,0,0,0,0,0
Eif3a,0,0,0,0,0,0,0,0,1,0,0,0
Npepl1,0,0,0,0,0,0,0,0,0,0,1,0
Rtn4rl1,0,0,1,0,0,0,0,0,0,0,0,0
H2afx,0,0,0,0,0,0,0,0,0,1,0,0
Plekha8,0,0,0,1,0,0,0,0,0,0,0,1
Prr9,0,0,0,0,0,0,1,0,0,0,0,0
Fbxo9,0,0,0,0,0,0,1,0,0,0,0,0
Tmem198b,0,0,0,1,0,0,0,0,0,0,0,0
Wnk1,0,0,0,0,0,0,0,0,1,0,0,0
Nsun6,1,0,0,0,1,0,0,0,1,0,0,0
Rfx6,0,0,0,1,0,0,0,0,0,0,0,1
Nptx1,1,0,0,0,1,0,0,0,0,0,1,0
Tmem243,0,0,0,0,0,0,1,0,0,0,0,0
Prdm1,1,0,0,0,1,0,0,0,0,0,0,0
Akap12,0,0,0,0,0,0,0,0,1,0,0,0
Col4a3bp,1,0,0,0,1,0,0,0,0,0,0,0
Nrg1,1,0,0,0,1,0,0,0,0,0,0,0
Wnt9a,0,0,0,1,0,0,0,0,0,0,0,1
Rcn1,0,0,0,1,0,0,0,0,0,0,0,1
Xkr6,1,0,0,0,1,0,0,0,0,0,0,0
Nuak2,0,0,0,0,0,0,0,0,1,0,0,0
Ppm1d,0,0,0,0,0,0,0,0,1,0,0,0
Add3,0,0,0,0,0,1,0,0,0,0,0,0
Ccdc47,0,0,0,0,0,0,0,0,1,0,0,0
Prkaa2,0,0,0,0,0,0,1,0,0,0,0,0
Insig1,0,0,0,0,0,0,0,0,0,1,0,0
Mboat7l1,0,0,0,0,0,0,0,0,0,1,0,0
Ppp1cc,0,0,0,0,0,0,1,0,0,0,0,0
Ets1,0,0,0,0,0,1,0,0,0,0,0,0
Ret,0,0,0,0,0,1,0,0,0,0,0,0
Arfip1,0,0,0,0,0,0,0,0,0,0,1,0
Robo2,1,0,0,0,1,0,0,0,1,0,0,0
Fn1,1,0,0,0,1,0,0,0,0,0,0,0
Akap11,0,0,0,0,0,0,0,0,1,0,0,0
Hgh1,0,0,0,0,0,0,0,0,0,1,0,0
RGD1560065,0,0,0,0,0,0,1,0,0,0,0,0
B4galt5,0,0,0,0,0,0,0,0,0,0,1,0
Atl2,1,0,0,0,1,0,0,0,0,0,0,0
Ccdc22,0,0,0,0,0,1,0,0,0,0,0,0
Cdc14a,0,0,1,0,0,0,0,0,0,0,0,0
Rapgef2,1,0,0,0,1,0,0,0,0,0,0,0
Mylip,0,1,0,0,0,1,0,0,0,0,0,0
Elf2,0,0,0,0,0,0,0,0,1,0,0,0
Usp25,0,0,0,0,0,0,1,0,0,0,0,0
Gnpnat1,0,0,0,0,0,0,0,0,1,0,0,0
Usp45,0,0,0,0,0,0,0,0,1,0,0,0
Ddx5,0,0,0,0,0,0,0,1,0,0,0,0
Sacm1l,0,0,1,0,0,0,0,0,0,0,0,0
Nr3c2,0,0,0,0,0,1,0,0,0,0,0,0
Ctnnd2,0,0,1,0,0,0,0,0,0,0,0,0
Stat2,0,0,0,0,0,0,0,0,0,1,0,0
Pou3f2,0,0,0,0,0,0,0,0,0,0,1,0
Rtn3,0,0,0,0,0,0,0,1,0,0,0,0
Gng5,0,0,0,1,0,0,0,0,0,0,0,1
Bet1l,0,0,0,0,0,0,0,1,0,0,0,0
Samd4b,0,0,0,0,0,0,0,0,0,1,0,0
Galnt18,0,1,0,0,0,0,0,0,0,0,0,0
Gp1ba,0,0,1,0,0,0,0,0,0,0,0,0
Nus1,0,0,0,0,0,0,0,0,1,0,0,0
Zfp36l2,0,1,0,0,0,0,0,0,0,0,0,0
Thoc2,0,0,0,1,0,0,0,0,0,0,0,1
Naf1,0,0,0,0,0,0,0,1,0,0,0,0
Ehhadh,0,0,0,1,0,0,0,0,0,0,0,1
Chodl,0,0,0,0,0,1,0,0,0,0,0,0
Sft2d1,0,0,0,0,0,0,0,0,1,0,0,0
Eya4,0,0,0,0,0,0,1,0,0,0,0,0
Eif2b5,1,0,0,0,1,0,0,0,0,0,0,0
Usp5,0,0,0,0,0,0,0,0,1,0,0,0
Taf9b,0,0,0,1,0,0,0,0,0,0,0,1
Rap2c,1,0,0,0,1,0,0,0,0,0,0,0
Lats2,1,0,0,0,1,0,0,0,0,0,0,0
Fas,0,0,0,0,0,0,1,0,0,0,0,0
Lin28a,0,0,0,1,0,0,0,0,0,0,0,1
Sesn3,0,0,0,0,0,0,0,0,1,0,0,0
Acvr1c,0,0,0,1,0,0,0,0,0,0,0,1
Entpd6,0,0,0,0,0,0,0,0,0,1,0,0
Tmem38b,0,0,0,0,0,0,0,0,1,0,0,0
Poldip3,0,0,0,0,0,0,0,0,0,1,0,0
Uba6,1,0,0,0,1,0,1,0,1,0,0,0
Arfgef1,0,0,0,0,0,0,1,0,0,0,0,0
Ccnt2,0,0,0,0,0,0,0,0,1,0,0,0
Col4a1,0,0,0,1,0,0,0,0,0,0,1,1
Prtg,0,0,0,1,0,0,0,0,1,0,0,1
Abhd13,0,0,0,0,0,0,0,0,0,1,0,0
Cdh17,0,0,0,0,0,0,0,0,1,0,0,0
Gpsm1,0,0,0,0,0,0,0,0,1,0,0,0
Chuk,0,0,0,0,0,0,0,0,1,0,1,0
Irgq,0,0,0,0,0,0,0,1,0,0,0,0
Hip1r,0,0,0,0,0,0,0,0,0,1,0,0
Pde7a,0,0,0,0,0,0,0,0,1,0,0,0
Med4,0,0,0,0,0,0,0,0,0,1,0,0
Arl6ip1,0,0,0,0,0,0,0,0,0,0,1,0
Creb5,0,0,0,0,0,1,0,0,0,0,0,0
Casc4,0,0,0,0,0,0,0,1,0,0,0,0
Itga5,0,0,0,0,0,0,0,0,0,0,1,0
Ipmk,0,0,1,0,0,0,0,0,1,0,0,0
LOC497899,0,0,0,1,0,0,0,0,0,0,0,1
Gpr180,0,0,0,0,0,0,0,0,0,0,1,0
Ugcg,0,0,0,0,0,1,1,0,0,1,0,0
Ncoa6,0,0,0,0,0,0,0,0,1,0,0,0
RGD1560958,1,0,0,0,1,0,0,0,0,0,0,0
Dnajb5,1,0,0,0,1,0,0,0,0,0,0,0
Gad1,0,0,0,0,0,0,0,0,0,1,0,0
Cckbr,0,0,0,0,0,0,0,0,0,0,1,0
